Model,RMSE,R2 Score
Linear Regression,1.3534716417942068,0.3378348807656504
Decision Tree,1.3524515415285039,0.33883264125557655
Random Forest,1.3445710595137037,0.3465151903856971
